Country Name,2000,2001,2002,2003,2004,2005,2006,2007,2008,2009,2010,2011,2012,2013,2014,2015,2016,2017,2018,2019,2020,2021,2022,2023,2024,2025
Angola,2.608,,,,,2.12,2.281,,,,3.421,,3.082,4.439,,3.487,2.755,2.467,2.184,2.073,2.667,2.297,2.385,2.513,,
Albania,3.33,3.342,3.003,3.035,3.131,3.2,3.103,3.146,,,,3.179,3.295,3.534,3.182,3.413,3.92,3.547,3.082,3.87,3.325,3.006,2.73,3.092,,
Armenia,2.773,2.469,2.135,2.145,2.487,2.712,2.716,3.019,3.173,3.841,3.249,3.144,2.772,2.65,2.247,2.806,2.758,2.708,2.113,2.16,2.706,2.768,2.492,2.439,,
Azerbaijan,3.854,3.503,3.154,3.286,3.448,2.975,2.556,2.549,2.441,3.224,2.781,2.436,2.068,2.442,2.633,2.952,2.903,2.474,2.455,3.176,4.332,3.702,3.047,3.66,,
Burundi,2.645,2.904,3.005,,3.745,3.632,,,5.193,6.172,6.775,6.319,6.168,5.995,6.785,6.371,4.692,4.762,5.079,5.347,5.322,4.871,,,,4.504
Benin,2.114,2.365,2.159,2.283,2.567,2.657,2.563,2.363,2.777,3.089,3.68,,3.562,3.328,3.162,3.173,2.899,3.536,2.932,2.732,2.899,3.097,3.097,3.23,,
Burkina Faso,,,,,,3.941,3.982,4.08,,,3.502,3.985,3.603,4.083,4.053,3.67,,5.628,5.489,5.456,5.211,5.249,5.295,5.328,,
Bangladesh,2.125,2.172,2.017,2.069,1.94,,2.131,2.202,2.055,1.939,,2.133,2.175,1.966,2.099,1.872,1.282,2.113,2.095,1.131,2.14,2.171,2.085,2.162,2.034,
Bosnia and Herzegovina,,,,,,,,,,,,,,,3.315,3.018,4.265,2.839,3.893,4.044,3.02,4.136,2.97,3.246,,
Belize,3.684,4.235,,3.901,4.01,,,,4.3,4.801,5.243,5.518,5.474,5.125,5.14,5.357,5.726,5.951,6.128,5.964,5.213,5.963,4.604,4.231,4.623,
Bolivia,,,,,,,6.434,6.72,6.723,7.575,6.974,6.451,6.628,6.803,7.478,8.143,8.151,8.097,8.016,8.091,8.437,7.962,7.576,7.894,7.54,
Bhutan,5.787,5.45,,,6.123,6.764,,,4.57,4.419,3.823,4.317,,5.166,5.462,6.929,6.404,6.617,6.478,4.51,5.47,6.598,7.47,5.845,,
Central African Republic,1.613,,1.52,1.54,1.625,1.652,1.415,1.313,1.29,1.255,1.118,1.108,1.98,2.638,2.22,1.91,1.754,1.754,1.566,1.768,2.145,1.873,2.115,1.83,,
Cote d'Ivoire,2.4,2.445,2.81,2.864,2.912,2.919,2.82,3.016,3.099,3.174,3.247,2.866,3.434,3.459,3.314,3.494,3.936,3.737,3.212,3.413,3.787,3.327,3.475,3.394,3.613,
Cameroon,1.703,2.297,,2.823,2.795,2.657,2.54,2.878,2.498,2.908,2.848,2.653,2.603,2.655,2.584,2.658,2.562,3.06,3.031,3.047,3.104,2.849,2.66,2.839,,
"Congo, Dem. Rep.",,,,,,,,,,,1.525,,,2.062,1.951,2.17,2.119,1.455,,,2.623,2.66,2.845,,,
"Congo, Rep.",,,3.208,2.836,2.288,1.681,,,,,5.687,2.647,2.739,5.014,3.183,3.139,4.871,4.172,2.772,3.247,4.222,3.313,2.727,3.34,,
Comoros,,,2.258,,,,,,4.423,,,2.83,2.748,2.383,2.745,2.545,,,,,2.378,2.275,2.432,2.341,,
Cabo Verde,,,7.877,,7.477,,6.53,4.96,5.035,4.866,5.077,4.598,5.398,4.562,4.521,4.806,4.755,4.593,4.788,4.165,7.094,6.155,4.725,4.348,,
Djibouti,9.66,7.805,8.448,8.89,9.265,8.366,8.279,8.406,,,4.49,,6.351,4.648,4.384,3.599,3.922,3.733,3.751,,,,,,,
Ethiopia,3.886,3.7,3.632,,,,5.491,5.451,5.408,4.422,4.497,5.486,5.567,4.499,4.602,4.738,5.062,5.499,5.22,4.481,4.091,4.065,3.736,2.927,2.298,
Fiji,5.878,5.643,6.276,,6.209,5.167,5.655,5.895,4.254,4.498,,4.173,4.462,3.883,3.77,4.809,4.836,4.651,4.797,5.153,5.805,4.853,3.938,4.247,,
"Micronesia, Fed. Sts.",6.707,,,,,,,,,,,,11.719,12.344,12.228,12.408,13.815,12.682,9.943,10.693,11.559,,,,,
Georgia,2.181,2.138,2.235,2.066,2.914,2.484,3.004,2.697,2.92,3.222,2.762,2.515,1.86,2.833,2.941,3.109,3.523,3.524,3.461,3.83,3.81,3.594,3.755,3.709,3.98,
Ghana,,5.354,,,7.536,7.422,5.148,5.52,5.758,5.317,5.541,8.141,7.919,4.576,4.4,4.434,4.395,3.534,3.886,3.153,3.409,3.401,2.91,,,
Guinea,1.779,1.428,1.779,1.626,1.516,1.268,,,1.581,2.207,2.551,2.287,1.834,2.634,2.423,2.517,2.545,2.32,2.384,1.858,2.448,2.041,2.007,1.725,,
"Gambia, The",1.466,1.158,1.443,1.363,0.622,0.692,0.752,0.817,2.181,1.908,2.563,2.501,2.638,1.818,2.231,2.16,2.024,2.459,2.365,2.808,2.887,3.045,2.892,2.808,,
Guinea-Bissau,,,,,,,,,,,1.682,1.766,1.886,2.01,,,,,,,,,,,,
Grenada,,,,3.927,,,,,,,5.075,5.485,5.072,,4.478,4.239,,3.174,3.559,,,4.09,4.038,5.125,,
Honduras,,,,,,,,,,,,,6.3,5.875,7.09,6.413,6.095,5.744,6.056,5.982,6.098,5.882,4.483,4.55,,
Haiti,,,,,,,,,,,,,,,1.752,1.855,1.388,1.498,1.637,1.084,1.114,1.243,1.027,0.965,,
Indonesia,,2.46,2.646,3.218,2.748,2.873,,3.044,2.902,3.525,2.812,3.189,3.407,3.359,3.288,3.584,1.21,1.053,0.994,0.964,1.016,1.032,0.864,1.275,,
India,4.325,,,3.613,3.353,3.189,3.143,,,3.278,3.378,3.796,3.868,3.845,3.899,4.115,4.254,4.305,4.364,3.897,4.293,4.629,4.099,,,
Kenya,5.187,5.206,6.172,6.494,6.797,7.336,7.05,,,,4.815,4.7,4.931,4.837,4.717,4.743,4.895,4.963,5.108,5.374,5.046,4.89,4.511,3.962,4.022,
Kyrgyz Republic,3.508,3.854,4.445,4.475,4.622,4.874,5.55,6.467,5.913,6.233,5.819,6.791,7.384,6.78,5.532,5.986,6.586,6.026,5.553,5.08,5.733,5.167,7.169,6.827,,
Kiribati,10.042,11.649,,,,,,,,,,,12.499,12.09,11.513,10.768,11.646,11.476,12.92,14.52,16.23,13.987,14.786,16.391,,
Lao PDR,1.504,1.99,2.825,,2.413,2.414,2.959,3.078,2.279,1.655,1.71,1.708,1.821,3.234,2.938,2.737,2.774,2.498,2.335,2.122,1.916,1.859,1.461,1.234,,
Liberia,,,,,,,,,1.702,,,,1.777,1.691,2.2,2.116,2.115,2.663,2.504,2.165,2.136,2.424,2.276,2.267,,
St. Lucia,,5.707,,3.534,3.436,4.239,4.697,,4.484,3.068,3.483,3.599,3.291,3.877,3.891,3.881,5.21,3.627,3.333,3.273,3.615,5.862,4.642,2.742,3.847,
Sri Lanka,,,,,,,,,,2.056,1.662,1.743,1.453,1.565,1.859,2.11,3.229,2.593,1.988,,1.558,1.507,1.204,1.828,,
Lesotho,10.092,9.365,10.1,13.22,11.109,12.08,11.271,,12.329,,,,,,,7.643,7.552,8.155,7.284,,,,,7.29,6.623,
Moldova,4.486,4.847,5.498,5.425,6.771,7.163,7.499,8.293,8.237,9.51,7.592,7.136,6.983,5.91,6.338,5.767,5.672,5.71,5.539,6.226,6.601,5.824,6.104,6.557,,
Madagascar,2.439,2.707,2.232,2.611,2.813,3.31,2.831,2.903,2.554,2.825,2.289,2.382,2.341,1.777,2.381,2.21,2.687,2.701,2.844,3.013,3.254,3.198,3.068,3.048,,
Maldives,,,5.792,5.324,4.662,5.017,4.645,4.418,4.47,5.082,3.633,3.081,3.341,3.388,3.089,3.869,3.661,3.823,3.857,4.124,5.848,4.614,4.673,5.167,,
Marshall Islands,,,8.195,11.844,,,,,,,,,,,,,,,,9.882,13.835,15.182,7.701,,,
Mali,2.972,2.658,2.896,3.806,2.959,2.747,,,2.731,3.144,2.709,3.146,2.907,2.758,3.093,3.197,2.592,3.181,2.982,3.0,3.337,3.664,4.045,4.185,,
Myanmar,,,,,,,,,,,,0.787,,,,,,2.167,1.992,2.0,,,,,,
Mongolia,5.55,,7.211,,4.326,,,4.69,,5.145,4.645,4.609,5.195,4.941,4.715,4.224,5.183,4.069,,,,,,3.658,5.212,
Mozambique,,,,,3.198,3.858,3.736,,,,5.245,5.531,5.558,6.036,6.399,5.915,5.801,5.487,5.39,6.0,6.171,6.341,5.976,,,
Mauritania,,2.107,2.277,2.365,1.951,,1.959,,,,,2.331,2.158,2.294,2.558,2.83,1.944,,,1.823,1.803,1.892,1.39,4.715,7.61,
Malawi,3.606,3.098,,2.21,,,,,,,2.432,2.853,2.529,3.722,3.326,3.854,3.283,2.769,3.323,,,,2.749,,,
Niger,2.565,2.28,2.401,1.937,,,2.559,3.015,2.723,3.336,2.722,3.078,3.187,3.69,5.104,4.487,2.958,2.578,3.45,3.534,3.819,3.822,3.712,4.074,,
Nigeria,,,,,,,,,,,,,0.549,0.534,0.471,0.437,0.393,0.396,0.42,0.358,0.36,0.382,0.349,0.319,,
Nicaragua,3.002,,2.391,2.422,,,,,,,4.484,,,,4.083,4.078,4.081,4.358,4.474,4.6,4.58,4.087,3.8,2.87,,
Nepal,2.975,3.708,3.153,3.114,3.172,3.365,3.605,3.517,3.805,4.664,3.632,3.843,3.297,3.018,3.472,3.259,3.903,4.767,4.434,3.892,4.244,4.428,4.136,3.956,3.688,
Pakistan,1.838,,,,1.443,1.671,1.981,2.235,2.273,2.179,2.053,2.001,1.979,2.237,2.204,2.386,2.668,2.576,2.332,2.215,2.057,1.687,1.973,1.947,,
Papua New Guinea,,,,,,,,,,,,,,,,1.625,0.854,1.965,1.875,0.762,0.898,0.714,0.643,0.782,,
Rwanda,3.434,4.825,,,,,,3.985,3.502,,4.631,4.383,4.421,4.742,4.196,3.647,3.435,3.125,3.074,3.238,3.333,5.59,4.742,4.92,4.615,
Sudan,1.012,,1.164,,1.313,1.178,1.554,,1.852,2.022,,,,,,,,,,,,,,,,
Senegal,2.463,2.472,2.594,2.751,3.078,4.064,3.821,,4.026,4.921,0.545,4.903,4.777,5.687,5.729,5.456,5.113,4.74,5.11,5.035,5.687,5.612,5.952,6.163,,
Solomon Islands,,,,,,,,7.333,6.895,6.659,7.478,,,,,,,,,,9.644,8.332,8.487,8.293,,
Sierra Leone,4.949,2.226,2.298,2.109,2.012,1.814,,1.52,1.454,1.724,1.566,1.615,1.778,1.561,1.738,3.218,1.848,3.015,4.468,4.652,5.347,5.593,4.908,2.625,,
Serbia,,,,,,,,4.049,,4.313,,4.074,,,,,3.503,3.565,3.437,3.459,,3.146,3.083,3.404,,
South Sudan,,,,,,,,,,,1.045,0.963,1.577,1.025,1.232,1.466,1.565,,,,,,,,,
Sao Tome and Principe,,,2.721,3.247,3.235,4.856,4.271,6.287,5.554,9.994,9.988,8.794,6.928,6.685,4.432,4.698,6.115,5.875,5.625,6.106,5.029,5.54,5.194,5.029,,
Suriname,,,,,,,,,,,,,,,,5.535,5.641,5.459,4.923,6.779,4.584,4.132,3.435,2.866,,
Eswatini,5.508,4.838,4.441,5.817,5.402,6.485,6.555,,6.618,6.471,6.118,6.864,5.593,5.085,7.281,5.355,5.434,6.178,5.737,5.699,5.325,5.287,5.573,5.004,6.031,
Syrian Arab Republic,,4.546,5.27,6.481,5.371,,5.28,4.865,4.595,5.13,,,,,,,,,,,,,,,,
Chad,2.647,2.426,,,1.593,1.302,,,,1.744,1.504,1.647,1.525,2.067,2.32,2.343,2.388,1.839,2.259,2.372,2.74,2.016,2.602,3.201,,
Togo,2.776,2.668,2.47,2.355,2.202,2.237,2.432,2.486,2.385,2.768,2.96,3.078,3.377,3.175,3.424,3.711,3.662,3.765,4.092,4.202,4.085,4.227,3.778,4.143,,
Tajikistan,2.329,2.377,2.776,2.421,2.772,3.512,3.404,3.413,3.46,4.098,4.007,3.935,4.018,5.294,5.594,4.968,5.731,5.545,5.385,5.484,5.135,4.383,5.398,5.437,,
Timor-Leste,,,,,,,,,8.67,12.902,11.107,10.194,7.162,5.666,7.514,8.467,8.128,7.171,6.848,4.18,3.653,2.974,,5.241,,
Tonga,4.878,4.478,3.795,4.16,3.914,,,,,,,,,,,,,4.636,4.715,4.862,5.049,5.163,5.31,,,
Tuvalu,,,,,,,,,,,,,,,,,,,,,14.548,15.516,13.762,12.846,,
Tanzania,,,,,3.562,3.547,3.01,4.033,4.186,3.961,4.542,4.578,4.23,4.638,3.385,4.195,4.102,4.431,3.7,3.597,3.231,3.115,3.238,3.259,3.155,
Uganda,2.462,,,,4.952,,,,,,1.727,2.299,1.797,1.871,1.915,2.322,2.138,2.254,2.131,2.308,2.572,2.636,2.561,,,
Uzbekistan,,,,,,,,,,,,,,5.742,5.713,5.494,5.381,4.482,4.836,6.295,4.44,4.136,5.235,5.473,,
Viet Nam,,,,,,,,,4.887,4.817,4.046,3.78,4.408,4.528,3.54,3.417,3.469,3.419,3.295,3.085,3.217,2.945,2.887,,,
Vanuatu,7.004,8.951,8.132,8.442,,,,,5.952,5.161,,,,,5.173,5.391,7.677,4.534,8.606,1.774,2.174,10.11,10.703,7.581,7.637,
Samoa,3.631,3.977,3.939,,,,,,5.117,,,4.774,4.892,4.615,5.414,4.425,3.981,4.189,4.472,4.584,4.503,5.216,6.16,6.11,5.456,
"Yemen, Rep.",9.662,9.245,,,,,,,5.151,,,,,,,,,,,,,,,,,
Zambia,1.788,,,,2.463,1.736,,1.241,1.1,,3.416,3.358,3.695,3.718,5.152,4.624,3.748,3.73,4.74,4.418,3.944,3.114,3.659,4.074,,
Zimbabwe,,,,,,,,,,,1.544,,6.07,5.996,6.138,,,,,,,,,0.385,,
