,Country,Year,GINI,Education_Spend,Corruption,Regulation
0,Albania,2000,30.6,3.2,29.981,3.5
1,Armenia,2000,36.0,2.712,35.735,4.0
2,Azerbaijan,2000,26.6,2.975,24.423,3.5
3,"Congo, Rep.",2000,47.3,1.681,25.434,2.5
4,Georgia,2000,37.4,2.484,50.475,4.0
5,Ghana,2000,42.8,7.422,39.355,4.0
6,Indonesia,2000,29.9,2.873,24.877,3.0
7,Kenya,2000,46.4,7.336,26.681,4.0
8,Kyrgyz Republic,2000,32.6,4.874,20.696,3.5
9,Moldova,2000,36.3,7.163,29.001,4.0
10,Madagascar,2000,39.9,3.31,41.548,4.0
11,Pakistan,2000,31.3,1.671,26.109,4.0
12,Senegal,2000,39.2,4.064,44.126,3.5
13,Armenia,2001,29.7,2.716,35.127,4.0
14,Bolivia,2000,56.7,6.434,38.698,2.5
15,Georgia,2001,36.9,3.004,53.406,4.5
16,Kyrgyz Republic,2001,37.4,5.55,20.31,3.5
17,Moldova,2001,35.4,7.499,30.735,3.5
18,Togo,2000,42.2,2.432,26.155,3.0
19,Armenia,2002,31.2,3.019,33.572,4.0
20,Bolivia,2001,54.5,6.72,38.139,2.5
21,Cameroon,2000,42.8,2.878,31.106,3.0
22,Cabo Verde,2000,47.2,4.96,63.952,3.5
23,Georgia,2002,38.1,2.697,49.117,5.0
24,Kyrgyz Republic,2002,33.9,6.467,20.927,3.5
25,Lao PDR,2000,35.4,3.078,22.002,3.0
26,Moldova,2002,34.4,8.293,31.032,3.5
27,Mongolia,2000,35.8,4.69,34.844,3.5
28,Niger,2000,37.3,3.015,34.08,3.0
29,Pakistan,2001,29.7,2.235,30.728,4.0
30,Tajikistan,2000,32.2,3.413,26.338,3.5
31,Tanzania,2000,40.3,4.033,41.528,3.5
32,Armenia,2003,29.2,3.173,32.479,4.0
33,Bolivia,2002,50.8,6.723,36.807,2.5
34,Central African Republic,2000,56.2,1.29,24.638,2.0
35,Cote d'Ivoire,2000,43.2,3.099,29.289,3.0
36,Georgia,2003,38.5,2.92,50.263,5.5
37,Kyrgyz Republic,2003,31.5,5.913,21.362,4.0
38,Moldova,2003,34.7,8.237,31.614,3.5
39,Viet Nam,2000,35.6,4.887,40.649,3.5
40,Samoa,2000,42.0,5.117,53.413,3.5
41,Armenia,2004,28.0,3.841,32.969,4.0
42,Bolivia,2003,49.2,7.575,36.747,2.5
43,Georgia,2004,38.2,3.222,50.665,5.5
44,India,2000,27.8,3.278,40.866,3.5
45,Kyrgyz Republic,2004,29.9,6.233,20.674,3.5
46,Sri Lanka,2000,36.1,2.056,43.973,4.0
47,Moldova,2004,32.9,9.51,32.222,3.5
48,Maldives,2000,38.4,5.082,36.882,4.0
49,Mali,2000,33.0,3.144,37.481,3.5
50,Sudan,2000,35.4,2.022,18.927,3.0
51,Tajikistan,2001,30.8,4.098,22.185,3.0
52,Armenia,2005,30.0,3.249,34.265,4.0
53,Ethiopia,2000,33.2,4.497,33.691,3.5
54,Georgia,2005,39.5,2.762,52.949,5.5
55,"Gambia, The",2000,43.6,2.563,33.752,3.5
56,Guinea-Bissau,2000,50.6,1.682,25.135,2.5
57,Kyrgyz Republic,2005,30.1,5.819,24.727,3.5
58,Moldova,2005,32.1,7.592,33.931,3.5
59,Madagascar,2001,42.4,2.289,39.956,3.0
60,Mongolia,2001,33.1,4.645,35.142,3.5
61,Malawi,2000,45.5,2.432,38.939,3.0
62,Nepal,2000,32.8,3.632,33.126,3.0
63,Pakistan,2002,28.8,2.053,23.52,3.5
64,Rwanda,2000,47.2,4.631,53.479,4.0
65,Sao Tome and Principe,2000,30.8,9.988,43.301,2.5
66,Viet Nam,2001,39.3,4.046,39.523,3.5
67,Zambia,2000,52.0,3.416,40.385,3.5
68,Armenia,2006,29.4,3.144,34.143,4.0
69,Bolivia,2004,46.1,6.451,36.152,2.5
70,"Congo, Rep.",2001,48.9,2.647,25.129,2.5
71,Georgia,2006,39.6,2.515,54.284,5.5
72,India,2001,28.8,3.796,37.922,3.0
73,Kyrgyz Republic,2006,27.8,6.791,23.345,3.5
74,Moldova,2006,30.6,7.136,34.628,3.5
75,Mongolia,2002,33.9,4.609,36.068,3.5
76,Niger,2001,31.5,3.078,37.51,3.0
77,Pakistan,2003,29.7,2.001,23.153,3.0
78,Senegal,2001,40.3,4.903,40.326,4.0
79,Sierra Leone,2000,34.0,1.615,34.36,3.0
80,Chad,2000,43.3,1.647,20.214,2.0
81,Togo,2001,46.0,3.078,30.655,2.5
82,Tanzania,2001,37.8,4.578,37.193,3.5
83,Armenia,2007,29.6,2.772,35.338,4.0
84,Bolivia,2005,46.6,6.628,33.708,2.5
85,Djibouti,2000,45.1,6.351,36.765,3.5
86,Georgia,2007,39.0,1.86,58.383,5.5
87,Ghana,2001,42.4,7.919,47.489,4.5
88,Guinea,2000,33.7,1.834,24.505,2.5
89,Honduras,2000,53.4,6.3,25.68,3.0
90,Kyrgyz Republic,2007,27.4,7.384,24.378,3.5
91,Lao PDR,2001,36.0,1.821,24.683,3.5
92,Sri Lanka,2001,38.7,1.453,41.648,4.0
93,Moldova,2007,29.2,6.983,33.287,3.5
94,Madagascar,2002,42.6,2.341,35.46,3.0
95,Mongolia,2003,33.8,5.195,35.591,3.5
96,Nigeria,2000,35.5,0.549,24.644,3.5
97,Uganda,2000,41.0,1.797,30.513,4.0
98,Viet Nam,2002,35.6,4.408,38.492,3.5
99,Armenia,2008,30.6,2.65,37.043,4.5
100,Burundi,2000,38.6,5.995,20.593,3.0
101,Bolivia,2006,47.6,6.803,35.998,2.5
102,Djibouti,2001,44.1,4.648,35.288,3.5
103,"Micronesia, Fed. Sts.",2000,40.1,12.344,46.988,2.0
104,Georgia,2008,38.6,2.833,58.753,5.5
105,Honduras,2001,50.0,5.875,25.466,3.0
106,Kyrgyz Republic,2008,28.8,6.78,24.075,3.5
107,Moldova,2008,28.5,5.91,31.429,3.5
108,Pakistan,2004,29.5,2.237,25.001,3.0
109,Rwanda,2001,45.1,4.742,56.514,4.5
110,Samoa,2001,38.7,4.615,51.489,3.5
111,Burkina Faso,2000,35.3,4.053,38.847,3.5
112,Bolivia,2007,47.8,7.478,34.881,2.5
113,Cameroon,2001,46.6,2.584,23.969,3.0
114,Comoros,2000,45.3,2.745,31.539,2.5
115,Honduras,2002,49.9,7.09,28.309,3.0
116,Kyrgyz Republic,2009,26.8,5.532,24.134,3.5
117,Liberia,2000,33.2,2.2,31.79,3.0
118,Moldova,2009,26.8,6.338,28.227,3.5
119,Mongolia,2004,32.0,4.715,36.534,3.5
120,Mozambique,2000,54.0,6.399,30.42,3.0
121,Mauritania,2000,32.6,2.558,29.204,3.0
122,Niger,2002,34.3,5.104,38.878,3.0
123,Nicaragua,2000,46.2,4.083,27.707,3.5
124,Timor-Leste,2000,28.7,7.514,34.7,2.0
125,Viet Nam,2003,34.8,3.54,40.529,3.5
126,Benin,2000,47.6,3.173,37.587,3.5
127,Bolivia,2008,46.7,8.143,32.579,2.5
128,Cote d'Ivoire,2001,41.5,3.494,39.136,3.0
129,Cabo Verde,2001,42.4,4.806,65.849,3.5
130,Ethiopia,2001,35.0,4.738,37.337,3.5
131,"Gambia, The",2001,35.9,2.16,29.169,3.5
132,Honduras,2003,49.2,6.413,31.435,3.0
133,Kenya,2001,40.8,4.743,28.197,3.5
134,Kyrgyz Republic,2010,29.0,5.986,23.41,4.0
135,St. Lucia,2000,43.7,3.881,59.398,4.5
136,Moldova,2010,27.0,5.767,26.833,3.5
137,Nigeria,2001,35.9,0.437,24.346,3.5
138,Pakistan,2005,31.3,2.386,27.996,3.0
139,Togo,2002,43.0,3.711,35.086,3.0
140,Tajikistan,2002,34.0,4.968,23.477,3.0
141,Zambia,2001,55.8,4.624,39.856,3.5
142,Bangladesh,2000,32.4,1.282,26.261,3.0
143,Ghana,2002,43.5,4.395,42.864,4.0
144,Honduras,2004,49.8,6.095,29.146,3.0
145,Kyrgyz Republic,2011,26.8,6.586,23.767,4.0
146,Liberia,2001,35.3,2.115,30.699,3.0
147,Moldova,2011,26.3,5.672,25.597,3.5
148,Maldives,2001,31.3,3.661,32.374,3.5
149,Mongolia,2005,32.3,5.183,35.5,3.5
150,Malawi,2001,44.7,3.283,31.1,3.0
151,Rwanda,2002,43.7,3.435,59.61,4.5
152,South Sudan,2000,44.0,1.565,11.583,2.0
153,Uganda,2001,42.8,2.138,27.721,4.0
154,Bhutan,2000,37.4,6.617,77.229,3.5
155,Djibouti,2002,41.6,3.733,32.384,2.5
156,Honduras,2005,49.4,5.744,28.686,3.0
157,Kyrgyz Republic,2012,27.3,6.026,24.408,4.0
158,Lesotho,2000,44.9,8.155,48.805,3.5
159,Moldova,2012,25.9,5.71,28.884,4.0
160,Myanmar,2000,30.7,2.167,32.436,2.5
161,Sao Tome and Principe,2001,40.7,5.875,49.801,3.0
162,Benin,2001,37.9,2.932,41.941,3.5
163,Burkina Faso,2001,43.0,5.489,44.666,3.5
164,Cote d'Ivoire,2002,37.2,3.212,38.075,3.5
165,Guinea,2001,29.6,2.384,25.234,3.0
166,Grenada,2000,43.8,3.559,56.289,3.0
167,Honduras,2006,48.9,6.056,28.229,2.5
168,Kyrgyz Republic,2013,27.7,5.553,26.711,3.5
169,Lao PDR,2002,38.8,2.335,25.384,3.0
170,Moldova,2013,25.7,5.539,30.218,4.0
171,Mali,2001,36.0,2.982,32.778,3.5
172,Niger,2003,37.3,3.45,38.803,3.5
173,Nigeria,2002,35.1,0.42,24.672,3.0
174,Pakistan,2006,29.6,2.332,28.34,3.5
175,Senegal,2002,38.3,5.11,48.404,3.0
176,Sierra Leone,2001,35.7,4.468,37.095,3.0
177,Chad,2001,37.5,2.259,18.294,2.5
178,Togo,2003,42.5,4.092,32.573,3.5
179,Tanzania,2002,40.5,3.7,40.981,3.0
180,Honduras,2007,48.2,5.982,26.434,2.5
181,Kyrgyz Republic,2014,29.7,5.08,27.964,3.0
182,Kiribati,2000,27.8,14.52,54.95,2.5
183,Moldova,2014,26.0,6.226,32.202,4.0
184,Maldives,2002,29.3,4.124,37.314,3.5
185,Marshall Islands,2000,35.5,9.882,54.95,2.5
186,Mozambique,2001,50.7,6.0,30.128,3.0
187,Mauritania,2001,32.0,1.823,27.998,3.0
188,Uganda,2002,42.7,2.308,25.539,3.0
189,Vanuatu,2000,32.3,1.774,44.107,3.0
190,Burundi,2001,37.5,5.322,20.469,3.0
191,"Congo, Dem. Rep.",2000,44.7,2.623,18.357,3.0
192,Comoros,2001,34.2,2.378,21.087,3.0
193,"Gambia, The",2002,38.8,2.887,43.345,3.0
194,Kenya,2002,36.2,5.046,32.663,4.0
195,Kyrgyz Republic,2015,29.0,5.733,26.633,3.0
196,Benin,2002,34.4,3.097,44.53,4.0
197,Burkina Faso,2002,37.4,5.249,43.756,3.5
198,Central African Republic,2001,43.0,1.873,21.211,2.0
199,Cote d'Ivoire,2003,35.3,3.327,38.809,3.5
200,Cameroon,2002,42.2,2.849,25.272,2.5
201,Ethiopia,2002,31.1,4.065,39.752,3.5
202,Kenya,2003,38.7,4.89,33.467,4.0
203,Kyrgyz Republic,2016,28.8,5.167,24.408,3.0
204,Madagascar,2003,36.8,3.198,28.679,3.0
205,Mali,2002,35.7,3.664,29.71,3.0
206,Niger,2004,32.9,3.822,36.454,3.5
207,Senegal,2003,36.2,5.612,48.585,3.5
208,Togo,2004,37.9,4.227,34.658,3.5
209,Tajikistan,2003,32.4,4.383,25.843,3.0
210,Tonga,2000,27.1,5.163,40.917,3.0
211,Uzbekistan,2000,32.9,4.136,32.837,3.5
212,Bangladesh,2001,30.9,2.085,24.003,3.0
213,Bhutan,2001,28.5,7.47,75.324,3.5
214,Kenya,2004,38.5,4.511,32.648,4.0
215,Kyrgyz Republic,2017,26.4,7.169,23.516,3.0
216,Mozambique,2002,49.6,5.976,29.61,3.0
217,Nigeria,2003,33.9,0.349,23.057,3.5
218,Nepal,2001,30.0,4.136,34.656,3.5
219,Chad,2002,37.4,2.602,18.173,2.5
220,Tajikistan,2004,39.5,5.398,25.123,3.0
221,Uzbekistan,2001,31.2,5.235,33.703,3.5
222,Zambia,2002,51.5,3.659,39.392,4.0
223,Honduras,2008,46.8,4.55,25.603,2.5
224,Kyrgyz Republic,2018,27.2,6.827,23.635,3.0
225,Kiribati,2001,24.7,16.391,54.571,2.5
226,Rwanda,2003,39.4,4.92,61.636,4.5
227,Tajikistan,2005,38.0,5.437,25.111,3.0
228,Uzbekistan,2002,34.5,5.473,33.65,3.5
